purchases,,,,,,exchanges,,,,,,auctions,,
"5 athletes, 100 purchases","5 athletes, 100 purchases, varying price","50 athletes, 1000 purchases","50 athletes, 1000 purchases, varying price","500 athletes, 10000 purchases","500 athletes, 10000 purchases, varying price","5 athletes, 100 exchanges both ways","5 athletes, 100 exchanges one way","50 athletes, 1000 exchanges, both ways","50 athletes, 1000 exchanges, one way","500 athletes, 10000 exchanges, both ways","500 athletes, 10000 exchanges, one way","5 athletes, 100 auctions","50 athletes, 1000 auctions","500 athletes, 10000 auctions"
0.008913375057,0.01685820055,0.08852192473,0.1668832363,0.6821743812,1.147536268,0.001165328794,0.09550572344,0.001794049123,0.111934832,0.002151096872,0.0558395661,0.4163406119,3.983606095,24.21451825
0.00551839773,0.00856366908,0.07117200352,0.1218265444,0.4464709402,0.6458072406,0.0004168097088,0.04484080462,0.0008475318213,0.074279764,0.0005632421688,0.0511770344,0.16479488,2.72636603,10.37993343
0.005065175709,0.007630776205,0.02129492951,0.02582966973,0.5786131122,0.9134062459,0.0001900790466,0.04667126091,0.0006861703956,0.0261691791,0.0006223127601,0.05799395222,0.1267314245,0.2524503494,17.50976199
0.005856526142,0.009286415986,0.06022469512,0.09649483415,0.2572317003,0.323399848,0.0003295212395,0.07254066333,0.001254258199,0.06699195829,0.0005694082028,0.03124478461,0.1683142183,1.862006831,3.593025377
0.006448314513,0.01060639052,0.03992917832,0.05587257114,0.4997594779,0.7495190136,0.0001932015868,0.03029347337,0.0006860219206,0.04103977281,0.0005817751332,0.04957288446,0.2093157987,0.8194674798,13.03845407
,,0.05944432921,0.09478061196,0.6012106629,0.962664924,,,0.000802717021,0.0810229692,0.0006704528713,0.07250081615,,1.825221513,18.95672873
,,0.06617949713,0.1099767555,0.5285481571,0.8079113114,,,0.0007386319184,0.09343602297,0.001591969581,0.06738242649,,2.342093258,14.50522683
,,0.09401817515,0.1824123477,0.3289101524,0.4370920408,,,0.002705370075,0.1121777674,0.0006748003949,0.03873797217,,4.606505592,5.866335423
,,0.0532674174,0.08164159496,0.3180825039,0.4192589832,,,0.0006561307673,0.05632787374,0.0006400897297,0.02863353648,,1.464819873,5.342333988
,,0.08859579674,0.1670879487,0.1437536738,0.1644187925,,,0.001128475167,0.08022803688,0.000272319882,0.0205129961,,4.229806846,1.213468232
,,0.04912530281,0.07325825658,0.4568738543,0.665607573,,,0.0003071601155,0.05316610081,0.0006870682516,0.0385479492,,1.225812286,10.96186815
,,0.001447296106,0.001468242766,0.2157768233,0.2623364607,,,0.0001188237109,0.00345319885,0.0003826146093,0.03548404476,,0.002233823299,2.564185438
,,0.0164027084,0.01909319682,0.7608341191,1.339702676,,,0.0008764801805,0.02208161566,0.0006304611328,0.06494159799,,0.1642948331,30.04998436
,,0.05697564968,0.08943789624,0.01475633007,0.01497407934,,,0.001246538458,0.02909714987,5.19E-05,0.004596938003,,1.68192052,0.026581818
,,0.05189888023,0.07883381793,0.3693385128,0.5057494499,,,0.000624970927,0.04879236677,0.0002252253757,0.0622293158,,1.38578546,7.250701225
,,0.02664148406,0.03373917079,0.7589131639,1.334862354,,,0.0003011502849,0.02710724888,0.00199276939,0.07564946484,,0.3765094881,30.15479436
,,0.09513137731,0.1856311668,0.6207333341,1.006043206,,,0.001957752761,0.09355577617,0.0002203790003,0.06398537114,,4.737290567,19.87423238
,,0.001714088583,0.001743469579,0.3349968583,0.4472197533,,,0.0001259942069,0.003221869847,0.0009526963815,0.02697921036,,0.003519394455,6.034647056
,,0.09296980864,0.1794036618,0.1714981083,0.2009097095,,,0.002289929778,0.1048600143,0.0004973496166,0.02475366339,,4.494990869,1.618957605
,,0.02828686006,0.03628832458,0.3378090921,0.4519240748,,,0.001112461728,0.02746070983,0.0009647459917,0.02266227644,,0.3963427377,6.074769878
,,0.09993777659,0.1998133685,0.8269005512,1.510665073,,,0.002955476409,0.1077816189,0.001763626286,0.07447065555,,5.109718544,35.35329298
,,0.03938468033,0.05489621077,0.591002515,0.9402864878,,,0.000788751397,0.04861489888,0.001714582602,0.06876876015,,0.8330962203,17.95872246
,,0.05390556899,0.08296367267,0.4754798033,0.7015608466,,,0.0009469082973,0.06681515772,0.0005304069749,0.04104109393,,1.509504436,11.9979274
,,0.05070766534,0.07642033859,0.7581345321,1.332902501,,,0.0007055034281,0.06119108644,0.001401835584,0.06444065214,,1.269950784,29.61674204
,,0.06687196182,0.1115905546,0.4070820335,0.5727978155,,,0.0009342351843,0.08015473787,0.001232261139,0.02451148494,,2.420210591,8.793568221
,,0.0307983874,0.04028379406,0.4688480866,0.6886666149,,,0.0006126327356,0.02651926279,0.0009492820911,0.04638853421,,0.5223067214,11.52630422
,,0.08540672655,0.1583498159,0.6485389106,1.069141629,,,0.0007561814157,0.07615211931,0.001766655122,0.06498244125,,3.690923096,21.78388261
,,0.05220532302,0.07945928053,0.4140974928,0.5855742263,,,0.0003949535293,0.04115741115,0.0008174830063,0.04965788786,,1.398772004,9.125597203
,,0.09599079688,0.1881331277,0.4724129719,0.6955869879,,,0.002113260385,0.1225766113,0.0009022061307,0.05155848067,,4.772594267,11.64927891
,,0.04989171869,0.07478355463,0.8865830377,1.67261252,,,0.0004021111922,0.04372414525,0.001805508356,0.08464532955,,1.264796304,40.80754142
,,0.02436737813,0.0303050693,0.9760709614,1.928785483,,,0.0006860032002,0.0193980838,0.003255721618,0.07528244822,,0.3275343107,48.99323763
,,0.04826766824,0.07156534622,0.3194159253,0.4214424586,,,0.0007501701107,0.05092693909,0.0008419929346,0.03404363094,,1.185093357,5.450425289
,,0.06833621314,0.1150345934,0.2375090102,0.2939195401,,,0.0005727740206,0.07498161723,0.0001869121562,0.02109113509,,2.429257034,3.082398049
,,0.09812140088,0.194399494,0.001392434026,0.001394372899,,,0.002916689826,0.08659027861,9.70E-06,0.001911657285,,5.002174201,0.001418289514
,,0.02298569931,0.02826912304,0.4401251765,0.6338353476,,,0.0003483728311,0.02766017591,0.0003683823578,0.0547424417,,0.3044833289,10.12587655
,,0.0541879051,0.0835511957,0.6992212199,1.188131534,,,0.0007191444229,0.04881562122,0.002345904243,0.08513562914,,1.470988426,25.43459135
,,0.0873830156,0.1637409298,0.9104488109,1.739365848,,,0.001742502188,0.0910854895,0.002144156465,0.07134697988,,3.904998802,43.39213232
,,0.01861956851,0.02208645182,0.823164868,1.500765268,,,0.0009546134617,0.01669752515,0.00193958317,0.07247095285,,0.1965579644,35.05900572
,,0.02817915199,0.03611979806,0.5115753026,0.7732845929,,,0.0004750852645,0.03615706037,0.0006832697384,0.05053567885,,0.4283116622,13.74736803
,,0.04351328092,0.06244733709,0.8552648418,1.586742791,,,0.0005261892661,0.04396842456,0.001009638049,0.1085338104,,1.016464494,37.66096114
,,0.01200080943,0.0134410037,0.8762353987,1.644023873,,,0.0004414518965,0.01207992955,0.0008751609302,0.07856608048,,0.08412730227,39.58597397
,,0.08456168051,0.1560684586,0.4987453658,0.7474923057,,,0.001406243224,0.09130362124,0.0001470440144,0.048014111,,3.604472955,12.87274146
,,0.0961760466,0.188674366,0.0487743688,0.05115330785,,,0.002267152757,0.103330408,0.000215717609,0.01159003407,,4.773946185,0.1655551495
,,0.04305390525,0.06159029283,0.2400920638,0.2977362629,,,0.0005710565301,0.04200608374,0.0006427477164,0.02797093432,,0.9349683975,3.119214057
,,0.09912613132,0.1973860304,0.5818260415,0.920347584,,,0.003360445101,0.1113913516,0.0008178230265,0.0638608014,,5.250413664,17.86434958
,,0.07298138315,0.126244206,0.7253214565,1.251412672,,,0.0008572196667,0.1131847177,0.0007782609891,0.06835597406,,2.734375963,27.39186237
,,0.05287553521,0.08083375744,0.8497384074,1.571793768,,,0.0003377933724,0.0880421004,0.0008540697621,0.08111393461,,1.418857503,37.41637945
,,0.09407876874,0.182586916,0.2935728239,0.3797578269,,,0.002398334131,0.07672225362,0.001030353593,0.03083683574,,4.539544241,4.673395422
,,0.02422599878,0.03009498894,0.9578234715,1.875249274,,,0.0005991988086,0.02830857346,0.004271609909,0.07616877609,,0.3274001472,47.48715467
,,0.08847553379,0.1667547346,0.4035077158,0.5663261925,,,0.0004801833476,0.1228608337,0.001607560515,0.06123256303,,3.959454237,8.552744685
,,,,0.760738561,1.339461719,,,,,0.000750947018,0.07715234349,,,29.82301345
,,,,0.1353049517,0.1536123817,,,,,0.0003620373641,0.0107860153,,,1.041888228
,,,,0.4978103871,0.7456255685,,,,,0.0006415762447,0.04992915271,,,13.03087663
,,,,0.5790313443,0.9143086421,,,,,0.0008977243918,0.05626482654,,,17.64269365
,,,,0.6912516432,1.169080478,,,,,0.0008223108851,0.07874148239,,,24.51412783
,,,,0.6924555022,1.171950125,,,,,0.0005858082308,0.07432230586,,,24.78368702
,,,,0.7187721012,1.235405435,,,,,0.0007661193197,0.06374829018,,,26.57792774
,,,,0.1777056838,0.2092849938,,,,,0.0008017796622,0.01737730739,,,1.785758512
,,,,0.6962491202,1.181011958,,,,,0.001503105105,0.06044523256,,,24.97424061
,,,,0.5204583467,0.7913352373,,,,,0.0004393686091,0.05475311499,,,14.23688244
,,,,0.8697500675,1.626215247,,,,,0.0007370370226,0.095156431,,,38.86251346
,,,,0.3741477035,0.5141342075,,,,,0.0003370033126,0.05031007496,,,7.526013387
,,,,0.06955695382,0.07439512365,,,,,0.0008139694636,0.007426144928,,,0.3096895235
,,,,0.836584434,1.536457949,,,,,0.001382360714,0.09780406554,,,36.297368
,,,,0.4106018683,0.5791957625,,,,,0.0009052654407,0.05141547213,,,8.946732254
,,,,0.7708930059,1.365169033,,,,,0.002539179793,0.07945363281,,,31.26231678
,,,,0.3365198083,0.4497653897,,,,,0.0009979615621,0.03563236128,,,5.945692111
,,,,0.4783145728,0.7070994033,,,,,0.0005700713864,0.05166926952,,,11.85908203
,,,,0.6160606095,0.9955912841,,,,,0.0009741554263,0.04709440121,,,19.70586274
,,,,0.2096661954,0.2536261088,,,,,0.001742693273,0.02143094781,,,2.370325023
,,,,0.5526312407,0.8580325289,,,,,0.0004674704834,0.06852763443,,,15.89129485
,,,,0.9705426645,1.912495728,,,,,0.003376330864,0.1195699276,,,48.6109039
,,,,0.4627467311,0.6768812683,,,,,0.001158029958,0.0474115619,,,11.30281913
,,,,0.7668406213,1.35488516,,,,,0.001891833633,0.08314608503,,,30.33564522
,,,,0.2516894886,0.3150370873,,,,,0.0004476829723,0.02910165588,,,3.42681885
,,,,0.8644521294,1.611729613,,,,,0.0006088154008,0.1269711786,,,38.37937832
,,,,0.8599538433,1.599474456,,,,,0.002351802417,0.06891607376,,,37.87583829
,,,,0.7737152039,1.372350421,,,,,0.002178361543,0.09062550443,,,31.10234902
,,,,0.37486781,0.5153936849,,,,,0.0005199578323,0.05106143581,,,7.558100269
,,,,0.2479585253,0.3094419555,,,,,0.0006106615822,0.02259836059,,,3.391541583
,,,,0.4335068371,0.621435015,,,,,0.0009495641905,0.05154273522,,,9.884202245
,,,,0.5944600428,0.9478427854,,,,,0.001123678284,0.08665963029,,,18.34637187
,,,,0.7920560308,1.419408787,,,,,0.002352177598,0.06302244352,,,32.58930465
,,,,0.3910535473,0.5439764241,,,,,0.0006400477672,0.04585158635,,,8.087539323
,,,,0.8108023094,1.468202694,,,,,0.001066037159,0.07544071747,,,33.8353123
,,,,0.3075768211,0.4021803221,,,,,0.0004902253228,0.0272660756,,,5.127037252
,,,,0.1610260284,0.1869554102,,,,,0.0003041750705,0.01620795477,,,1.465980297
,,,,0.146081963,0.1674219029,,,,,0.0002729907331,0.01035590901,,,1.238504132
,,,,0.4905964387,0.7312813045,,,,,0.001548037933,0.04532991545,,,12.59327232
,,,,0.1315013948,0.1487940116,,,,,0.0003876296251,0.01853658119,,,1.015954737
,,,,0.8352908259,1.53300159,,,,,0.001129698508,0.06139098801,,,36.17675394
,,,,0.6875057226,1.160169841,,,,,0.001227179483,0.07390172146,,,24.68591193
,,,,0.63447677,1.037037542,,,,,0.0002949218071,0.1114698556,,,21.10810145
,,,,0.05746079291,0.06076253563,,,,,0.0002384140671,0.008890162376,,,0.2300162693
,,,,0.4726229686,0.6959954391,,,,,0.000404038456,0.06592431049,,,11.78881127
,,,,0.8908813012,1.684550794,,,,,0.002200835305,0.09817791444,,,41.02325453
,,,,0.1998584008,0.2398017812,,,,,0.0005864409216,0.0204862375,,,2.246854854
,,,,0.4531391727,0.6584742825,,,,,0.0006515823923,0.0458507011,,,10.79102826
,,,,0.4072120563,0.5730337152,,,,,0.001122603819,0.0305992807,,,8.825059482
,,,,0.2205120592,0.2691376275,,,,,0.000505250459,0.02810665153,,,2.63133306
,,,,0.7047181539,1.20134583,,,,,0.001407809802,0.05596911489,,,25.80908475
,,,,0.8220417605,1.497794416,,,,,0.00199533454,0.07596083224,,,34.91459163
,,,,0.7867871238,1.405821102,,,,,0.001350678649,0.08707222203,,,32.27859002
,,,,0.3800889244,0.5245565149,,,,,0.0008411130006,0.05383031821,,,7.702947644
,,,,0.6214281008,1.007600985,,,,,0.000886350518,0.04656645647,,,20.26103598
,,,,0.8183266884,1.487985257,,,,,0.0005410539443,0.06870737354,,,34.72349602
,,,,0.03295160624,0.03403741459,,,,,0.0001036349605,0.003924857213,,,0.08610869649
,,,,0.3659447934,0.4998603852,,,,,0.0005285811087,0.02859985611,,,7.132916807
,,,,0.9568483523,1.872407122,,,,,0.00298724062,0.07329112986,,,47.31841461
,,,,0.7227531861,1.245125354,,,,,0.00156045588,0.04858512984,,,26.94847443
,,,,0.8415967558,1.549881855,,,,,0.001896982784,0.08917122555,,,36.66405191
,,,,0.3857700921,0.534588656,,,,,0.0004456857049,0.02965699949,,,7.844177152
,,,,0.2761980294,0.3524833808,,,,,0.0002835803693,0.03542844994,,,4.062391803
,,,,0.838897173,1.54264564,,,,,0.001807569657,0.08593767845,,,36.21519656
,,,,0.46408372,0.6794574191,,,,,0.0002945146273,0.04091281234,,,11.25810189
,,,,0.4028670939,0.5651689892,,,,,0.0007932061834,0.04649733893,,,8.519622373
,,,,0.2783681898,0.355857039,,,,,0.001384451405,0.02502177348,,,4.12794234
,,,,0.0580731198,0.06144560704,,,,,0.0003024734765,0.006273606888,,,0.2323731589
,,,,0.9386221704,1.819633749,,,,,0.003375996987,0.1127283592,,,45.41875899
,,,,0.9565121071,1.871427518,,,,,0.004973921531,0.09764565973,,,47.17497189
,,,,0.1344178578,0.1524860183,,,,,0.000345834057,0.01452626215,,,1.056895216
,,,,0.4249410652,0.6055159741,,,,,0.0002792802562,0.04509307322,,,9.476708543
,,,,0.5749374068,0.9054904286,,,,,0.001257361497,0.04023353983,,,17.2077743
,,,,0.6032438896,0.9671470799,,,,,0.0004469280225,0.07489029502,,,19.04837456
,,,,0.5100050581,0.7701102174,,,,,0.0008201094702,0.03700145414,,,13.76261288
,,,,0.2936998962,0.3799595253,,,,,0.00141343777,0.04168441208,,,4.627745062
,,,,0.6465908736,1.064670631,,,,,0.001066545855,0.06987812358,,,21.61792409
,,,,0.8527934432,1.5800501,,,,,0.001970868965,0.05738259984,,,37.73825336
,,,,0.6686754049,1.115802202,,,,,0.0003840813696,0.06215139541,,,23.17013189
,,,,0.9938219252,1.981503944,,,,,0.006689964392,0.1156203462,,,50.83056199
,,,,0.842177537,1.551440541,,,,,0.001612870709,0.08571737835,,,36.16183889
,,,,0.5855389679,0.9283948508,,,,,0.0005975871325,0.08278043454,,,17.83572338
,,,,0.06088679977,0.06459400216,,,,,0.0002927380033,0.007775578693,,,0.2470364405
,,,,0.6326790518,1.032961834,,,,,0.0006539125659,0.08000406581,,,20.69419802
,,,,0.8449353131,1.558850996,,,,,0.0007628323754,0.06573688667,,,36.82431741
,,,,0.7807252787,1.390257239,,,,,0.001658404988,0.053762723,,,31.61584834
,,,,0.0001009849995,0.0001009951974,,,,,4.09E-07,0.001709615082,,,0.0001004056837
,,,,0.6019777468,0.9643549544,,,,,0.0007433743062,0.06707691033,,,18.78022503
,,,,0.6147419642,0.9926496467,,,,,0.001005108885,0.07061961018,,,19.70123514
,,,,0.5536985321,0.8602805966,,,,,0.001438144022,0.04790853421,,,15.93611215
,,,,0.5665802447,0.8875934183,,,,,0.001328153138,0.04428808334,,,16.79332821
,,,,0.590955414,0.9401837153,,,,,0.0003018257684,0.04693946799,,,18.27501151
,,,,0.3373233723,0.4511104297,,,,,0.0008183816381,0.04368292547,,,5.994100749
,,,,0.7829863745,1.396054037,,,,,0.001837568413,0.1115943142,,,31.67543119
,,,,0.6538187959,1.081297814,,,,,0.001907537991,0.03348918296,,,21.96841213
,,,,0.6472146274,1.066101401,,,,,0.001275095562,0.07277887438,,,21.76705285
,,,,0.2516217415,0.3149352423,,,,,0.0004162433404,0.03482079323,,,3.488625375
,,,,0.2554621828,0.3207231096,,,,,0.0003542761455,0.0228662109,,,3.575401943
,,,,0.1646848646,0.1918059693,,,,,0.0004680448201,0.02987463436,,,1.562470843
,,,,0.1581170279,0.1831180225,,,,,0.0003819885342,0.01800732264,,,1.416213189
,,,,0.2490478586,0.3110726945,,,,,0.0006349174545,0.02745958674,,,3.428132028
,,,,0.4363732994,0.6267949559,,,,,0.0009083165706,0.0420917351,,,10.04468677
,,,,0.9684397906,1.906315419,,,,,0.00203592141,0.1428376428,,,48.41154098
,,,,0.4372590252,0.6284544804,,,,,0.0008755743776,0.03904239898,,,10.2719165
,,,,0.1963606244,0.2349181192,,,,,0.0002277025649,0.02603647453,,,2.146619372
,,,,0.6234678943,1.012180109,,,,,0.0008150739301,0.06665818315,,,20.1776289
,,,,0.3838111483,0.5311221459,,,,,0.000675568457,0.03641543643,,,7.691715702
,,,,0.8817686797,1.659284684,,,,,0.00250610205,0.09562999705,,,40.47028657
,,,,0.5740436363,0.9035697328,,,,,0.0005308531281,0.05904661073,,,17.34926584
,,,,0.3985616748,0.5574130834,,,,,0.0009482313016,0.0457174672,,,8.355795963
,,,,0.8176292097,1.486146734,,,,,0.001035159163,0.06843584411,,,34.51738653
,,,,0.03500553677,0.03623092438,,,,,0.0001595799333,0.005931816013,,,0.1010357325
,,,,0.1954651545,0.2336717811,,,,,0.000637612627,0.0211003577,,,2.124433057
,,,,0.5648691579,0.8839463234,,,,,0.001062522996,0.04606936181,,,16.6299699
,,,,0.2736159575,0.3484816498,,,,,0.0005289879794,0.03313434289,,,4.077275781
,,,,0.2213311157,0.2703185785,,,,,0.0006775804182,0.02523600964,,,2.669154103
,,,,0.4430822619,0.6394041526,,,,,0.0006140877805,0.04103821252,,,10.2731364
,,,,0.6609228676,1.097741905,,,,,0.001138626947,0.08569090496,,,22.78171612
,,,,0.04056938301,0.04221525785,,,,,0.0001672835747,0.004397263905,,,0.1219673995
,,,,0.6886358728,1.162855238,,,,,0.00082089946,0.08262721557,,,24.61306399
,,,,0.0206919821,0.02112014022,,,,,5.48E-05,0.005070052415,,,0.04163552173
,,,,0.3728385786,0.5118471843,,,,,0.0007364118933,0.0272341523,,,7.439131474
,,,,0.8392466362,1.543581552,,,,,0.002717482188,0.07355461799,,,36.43350499
,,,,0.573815822,0.9030804196,,,,,0.0004237078391,0.04592689249,,,17.26730036
,,,,0.6245796567,1.014679404,,,,,0.001494500365,0.05857276394,,,20.47314356
,,,,0.3694786451,0.5059931143,,,,,0.001127673928,0.03035972379,,,7.243217008
,,,,0.5894089664,0.9368118962,,,,,0.0007292422428,0.07225621847,,,18.21373185
,,,,0.2065022889,0.2491454842,,,,,0.000286827086,0.03230576631,,,2.352368088
,,,,0.9198861182,1.766076589,,,,,0.002542357289,0.1115535178,,,43.79292418
,,,,0.6400061344,1.049613986,,,,,0.0005079971909,0.06071268192,,,21.17734368
,,,,0.8597736222,1.598984304,,,,,0.002223397989,0.08440696158,,,38.55454812
,,,,0.4056807126,0.5702575532,,,,,0.0003385405355,0.05328846888,,,8.766488736
,,,,0.9808792022,1.943003212,,,,,0.005077635558,0.06900782132,,,49.26613286
,,,,0.573335402,0.9020488852,,,,,0.001306879312,0.04131970535,,,17.27594653
,,,,0.5295271542,0.8099261613,,,,,0.00032683162,0.0664098096,,,14.65026876
,,,,0.7438967287,1.297279072,,,,,0.001285973912,0.09861933119,,,28.78128737
,,,,0.07040988091,0.07536743224,,,,,0.000109829267,0.008105480043,,,0.319433559
,,,,0.1109136954,0.1232155432,,,,,0.0004478665297,0.008608453336,,,0.7573987098
,,,,0.4909942517,0.7320696069,,,,,0.001302268987,0.02289013544,,,12.59741015
,,,,0.8807558955,1.656486843,,,,,0.001468071028,0.1204021561,,,40.44848122
,,,,0.5369274709,0.8252185799,,,,,0.0005795507878,0.0598885504,,,14.81990937
,,,,0.6958683958,1.18010122,,,,,0.0009989311475,0.06815472931,,,24.86855809
,,,,0.4340094114,0.6223735805,,,,,0.0005918617167,0.02146200346,,,9.997329145
,,,,0.09180162993,0.1002291692,,,,,0.0004184164119,0.009848921842,,,0.5126907592
,,,,0.5947239254,0.9484204729,,,,,0.00136243457,0.05176531576,,,18.40996286
,,,,0.1463200426,0.1677295975,,,,,0.000361666117,0.01212100941,,,1.257069468
,,,,0.716367714,1.229550416,,,,,0.0006603300322,0.06832608076,,,26.67927989
,,,,0.9816318161,1.945232838,,,,,0.001549273508,0.1126650678,,,50.09441233
,,,,0.4221199813,0.6003052599,,,,,0.001236342376,0.05351937421,,,9.368804958
,,,,0.8930357335,1.690548555,,,,,0.001790349048,0.0636770248,,,41.60536588
,,,,0.5474797925,0.8472139158,,,,,0.0006258610184,0.06693961971,,,15.65169771
,,,,0.4512250766,0.6548291464,,,,,0.0007428147549,0.05111874675,,,10.71575294
,,,,0.6963706431,1.181302716,,,,,0.0007704422618,0.05834045329,,,25.25470461
,,,,0.8778586836,1.648494552,,,,,0.0006256490975,0.07217942152,,,39.90081272
,,,,0.5662427158,0.8868735291,,,,,0.001011904177,0.05856115727,,,16.93896604
,,,,0.2381174528,0.2948173741,,,,,0.0002457960631,0.01555837529,,,3.080716145
,,,,0.5948877144,0.9487791071,,,,,0.0003666843513,0.03705704767,,,18.64651541
,,,,0.8040147814,1.45045455,,,,,0.00054337713,0.06892378353,,,33.4550476
,,,,0.5086790263,0.7674333782,,,,,0.001605236905,0.06005937465,,,13.40040265
,,,,0.6799066099,1.142179608,,,,,0.0003660775434,0.08385704622,,,23.89689183
,,,,0.4462663865,0.6454200742,,,,,0.0001803854856,0.03806693069,,,10.60484625
,,,,0.266234941,0.3371159848,,,,,0.0007465866985,0.02477545121,,,3.815948788
,,,,0.6873025692,1.159687391,,,,,0.001666728571,0.09464109489,,,24.66078326
,,,,0.9740346798,1.922778237,,,,,0.00140662218,0.06837976972,,,48.91841218
,,,,0.2098936621,0.2539490114,,,,,0.0003544216467,0.02775848552,,,2.408569434
,,,,0.273034252,0.3475819548,,,,,0.001116914916,0.03786312333,,,3.981118093
,,,,0.4547944389,0.6616324205,,,,,0.0008937901044,0.04727671286,,,10.82810401
,,,,0.5582661257,0.8699271928,,,,,0.001094442592,0.0482169044,,,16.41456877
,,,,0.1825917017,0.2159314312,,,,,0.0001941904487,0.01351751224,,,1.847763479
,,,,0.6367579129,1.042218553,,,,,0.001711489848,0.0525135312,,,21.06828582
,,,,0.7386657046,1.284292728,,,,,0.001105617924,0.1224811406,,,28.17939224
,,,,0.2765361768,0.3530084339,,,,,0.0009157952426,0.03078768857,,,4.15910652
,,,,0.65862844,1.092419862,,,,,0.0007611376338,0.08406738752,,,22.49885666
,,,,0.9879567337,1.964015241,,,,,0.003913469746,0.08500961702,,,50.21954512
,,,,0.05359545115,0.05646792354,,,,,0.0003969307887,0.005707038836,,,0.1966535663
,,,,0.8605613608,1.601127216,,,,,0.001362387712,0.08930037573,,,38.53841978
,,,,0.1026612468,0.1132005784,,,,,0.0008601466241,0.01615241043,,,0.6547922775
,,,,0.8149172659,1.479007416,,,,,0.0006723026272,0.1031118209,,,34.26944393
,,,,0.8733393217,1.636060892,,,,,0.00166719513,0.05612330119,,,39.44598587
,,,,0.3116796211,0.4088238074,,,,,0.0001727102559,0.03591387024,,,5.310881179
,,,,0.7118659317,1.218619036,,,,,0.001756788487,0.08422319698,,,26.52475483
,,,,0.1417790026,0.1618802881,,,,,0.0001726877815,0.01903156373,,,1.152162781
,,,,0.6327854999,1.033202989,,,,,0.0005085058782,0.03812317929,,,20.86759174
,,,,0.2603061012,0.3280653675,,,,,0.0005546752933,0.03017409752,,,3.667441256
,,,,0.590245683,0.9386356493,,,,,0.001663925089,0.05811254438,,,18.16896217
,,,,0.8244123141,1.504067978,,,,,0.001463485603,0.06034875829,,,35.22189769
,,,,0.8044620132,1.451621144,,,,,0.001200944953,0.07480275594,,,33.43042136
,,,,0.09673166517,0.1060886802,,,,,0.0009492957176,0.01129460004,,,0.5741130627
,,,,0.5808108355,0.9181520621,,,,,0.0006656922204,0.03841241954,,,17.48072928
,,,,0.913635897,1.748366449,,,,,0.003632570143,0.1263974732,,,43.25181869
,,,,0.5694042614,0.8936254742,,,,,0.0007998408202,0.04796993492,,,17.11391355
,,,,0.2808275439,0.3596916533,,,,,0.0004489215551,0.03758146749,,,4.258000703
,,,,0.2636429168,0.3331505044,,,,,0.0003757343066,0.01294180163,,,3.81632038
,,,,0.621085913,1.006833624,,,,,0.00110780853,0.06835245901,,,19.9688719
,,,,0.2396884311,0.2971389751,,,,,0.0006968861817,0.03165217522,,,3.169907291
,,,,0.3751325627,0.5158570023,,,,,0.001053633053,0.03103623248,,,7.449953324
,,,,0.04270549886,0.0445292585,,,,,0.0002619606236,0.007334895674,,,0.1374945424
,,,,0.6666313271,1.111028653,,,,,0.001139815291,0.102478874,,,23.16269527
,,,,0.6719290298,1.123417651,,,,,0.001333616044,0.06107110259,,,23.64183221
,,,,0.2655841566,0.3361191008,,,,,0.0003464103002,0.02504497138,,,3.881737829
,,,,0.9931922116,1.979622981,,,,,0.004084220811,0.08678306899,,,50.89409184
,,,,0.900008479,1.710023741,,,,,0.001379083088,0.08419163467,,,41.96388697
,,,,0.9501941997,1.853063217,,,,,0.001856418437,0.1086079935,,,46.37650384
,,,,0.7746121684,1.37463618,,,,,0.001281167325,0.0945895378,,,30.90161266
,,,,0.6615142268,1.099115299,,,,,0.0009292183578,0.07236636341,,,22.81064944
,,,,0.108770522,0.1206015484,,,,,0.000226817526,0.01417655398,,,0.7070141934
,,,,0.3075986553,0.4022155881,,,,,0.0005655595558,0.02896841262,,,5.206700767
,,,,0.2470262975,0.3080482892,,,,,0.0008314630404,0.01783399005,,,3.303376597
,,,,0.1478959082,0.1697691078,,,,,0.0002688828903,0.0101875139,,,1.24450163
,,,,0.6307227476,1.028533932,,,,,0.001317194181,0.06089394973,,,20.63696608
,,,,0.2632997197,0.3326264622,,,,,0.0006908704584,0.03452116732,,,3.759501043
,,,,0.7698647421,1.362556463,,,,,0.002480242716,0.09163875037,,,30.39398547
,,,,0.6129181039,0.9885867059,,,,,0.001078728177,0.07825075284,,,19.89333557
,,,,0.4447126682,0.6424820254,,,,,0.0005659184282,0.05630801813,,,10.57247871
,,,,0.316942293,0.41739471,,,,,0.00058226237,0.04660072762,,,5.376434259
,,,,0.4265954638,0.6085791536,,,,,0.001209553296,0.04461120744,,,9.605281292
,,,,0.4386544366,0.6310721514,,,,,0.000853150692,0.04538745425,,,10.14691408
,,,,0.4861106786,0.7224142704,,,,,0.0008550684134,0.0391176264,,,12.37292128
,,,,0.9390103213,1.820750705,,,,,0.001758218954,0.0791486221,,,45.15124624
,,,,0.3235569556,0.4282460591,,,,,0.001486682475,0.02443972733,,,5.567557289
,,,,0.3585976657,0.4871899515,,,,,0.0005399418869,0.04316598147,,,6.908031817
,,,,0.6859974259,1.156589894,,,,,0.001391413489,0.07349882182,,,24.39607467
,,,,0.7975594664,1.433660569,,,,,0.0009601572703,0.06803391229,,,32.95319864
,,,,0.854742496,1.58532723,,,,,0.002074428251,0.1160868337,,,37.80282086
,,,,0.6345844868,1.037281958,,,,,0.001065862307,0.09602733733,,,21.14279279
,,,,0.1831288518,0.2166650282,,,,,0.0003746399444,0.02291698358,,,1.881253153
,,,,0.1268833663,0.142982755,,,,,0.0002161193564,0.01726598993,,,0.9527660075
,,,,0.3273431939,0.4344967605,,,,,0.0007505063082,0.0287167768,,,5.759168716
,,,,0.2276045257,0.2794083459,,,,,0.0004614932969,0.04301649586,,,2.836177296
,,,,0.6468150141,1.065184677,,,,,0.0005384006987,0.05664354732,,,21.57166004
,,,,0.006391553473,0.006432405428,,,,,3.65E-05,0.003020970741,,,0.008274322416
,,,,0.7048472673,1.201656937,,,,,0.000603585345,0.06390299318,,,26.15235324
,,,,0.3263832288,0.4329092408,,,,,0.000915587726,0.02989197602,,,5.751040623
,,,,0.8985052472,1.705816927,,,,,0.0018868396,0.09473823722,,,41.73109877
,,,,0.9874332537,1.962457684,,,,,0.003865100704,0.1106835583,,,50.07214268
,,,,0.2027626138,0.2438752914,,,,,0.0006738227436,0.01903348375,,,2.257707666
,,,,0.8944854144,1.694589571,,,,,0.003010112309,0.09733176385,,,41.20642794
,,,,0.1426911411,0.1630519029,,,,,0.0002472997839,0.01902477134,,,1.164647551
,,,,0.02623689493,0.02692526959,,,,,9.19E-05,0.00276375261,,,0.06155735546
,,,,0.05986125782,0.063444628,,,,,0.0002760637544,0.01011003159,,,0.2426611439
,,,,0.82580517,1.507759349,,,,,0.001494876005,0.09873854785,,,35.59033609
,,,,0.8483199367,1.567966652,,,,,0.00192015035,0.07650672058,,,36.64731182
,,,,0.1289425026,0.1455686716,,,,,0.0002402244536,0.01510138944,,,0.9749643025
,,,,0.0450537787,0.04708362168,,,,,0.0002496537409,0.009085393375,,,0.1465163075
,,,,0.3343447412,0.4461311471,,,,,0.0004318706279,0.03172755683,,,5.928167095
,,,,0.5526252585,0.8580199348,,,,,0.0008942669038,0.0351635471,,,15.96632572
,,,,0.6087255252,0.9792722902,,,,,0.0008286083046,0.07746983496,,,19.27371724
,,,,0.1278297456,0.1441701895,,,,,0.0003167308719,0.01459646795,,,0.9164082352
,,,,0.0618663849,0.06569383448,,,,,0.0002181213767,0.007499661119,,,0.2594862647
,,,,0.9267521597,1.785621725,,,,,0.002210328258,0.07570869869,,,44.51070937
,,,,0.9223624926,1.77311506,,,,,0.001642142794,0.09038094217,,,43.67376285
,,,,0.7729757961,1.370467378,,,,,0.0009314590335,0.05444534581,,,31.43937125
,,,,0.7138315843,1.223387115,,,,,0.002718145389,0.02327591625,,,26.27802018
,,,,0.153609737,0.1772056883,,,,,0.0004169993523,0.01515012167,,,1.354829283
,,,,0.4436696112,0.6405123352,,,,,0.0007708770792,0.05029559886,,,10.36929349
,,,,0.7423869114,1.293525238,,,,,0.0007405427335,0.09970682109,,,28.5337908
,,,,0.03194199852,0.03296228979,,,,,0.0002216458365,0.005558312481,,,0.08309615411
,,,,0.1393684032,0.158791955,,,,,0.0009106490214,0.0174294292,,,1.102945586
,,,,0.5357842865,0.8228490881,,,,,0.00134469204,0.06758609402,,,14.91153985
,,,,0.7082937765,1.20997385,,,,,0.002783265898,0.03592643415,,,25.9743723
,,,,0.5446646764,0.8413242862,,,,,0.0007634131491,0.04295606956,,,15.55823617
,,,,0.4170030392,0.5908945739,,,,,0.0001608967592,0.02150861135,,,9.394449855
,,,,0.2030546745,0.2442858753,,,,,0.0004256772441,0.0173730521,,,2.307007406
,,,,0.02443619954,0.02503332739,,,,,7.94E-05,0.004604277515,,,0.05433899693
,,,,0.5600478588,0.873701463,,,,,0.0007343017974,0.03876839632,,,16.31689208
,,,,0.08457393376,0.09172668403,,,,,0.0006165459401,0.0108061933,,,0.4461100999
,,,,0.3700424431,0.5069738527,,,,,0.001625477476,0.04149224022,,,7.315448544
,,,,0.8524497898,1.579120434,,,,,0.001250172643,0.06413039468,,,37.32358368
,,,,0.8303700221,1.519884396,,,,,0.001614240253,0.09814215489,,,35.83692576
,,,,0.735882082,1.277404521,,,,,0.001836818634,0.0733587355,,,27.94662629
,,,,0.04419763872,0.04615106999,,,,,0.0002405260732,0.00587158087,,,0.1428104368
,,,,0.08518514341,0.09244165207,,,,,0.0003432051505,0.00867439381,,,0.4536820003
,,,,0.6639290716,1.104730884,,,,,0.001798055346,0.04774288825,,,22.98724219
,,,,0.8897180831,1.68131635,,,,,0.002707813143,0.07228282116,,,40.62810317
,,,,0.561316144,0.8763919576,,,,,0.0006868615779,0.04735361771,,,16.6864083
,,,,0.4355592237,0.6252710611,,,,,0.0002795812069,0.04457658004,,,10.18651169
,,,,0.2595510229,0.3269177564,,,,,0.001760567126,0.02833308567,,,3.697104192
,,,,0.5305789137,0.8120928973,,,,,0.000455201322,0.072482737,,,14.80934074
,,,,0.7366456786,1.279292534,,,,,0.0007616827209,0.08216233485,,,27.94029722
,,,,0.3170240085,0.4175282304,,,,,0.0003860881132,0.02722866047,,,5.358397481
,,,,0.8626240161,1.606744209,,,,,0.002397546408,0.1091152335,,,38.29576556
,,,,0.9054307538,1.725235604,,,,,0.00107879142,0.091086806,,,42.73099245
,,,,0.4982967337,0.7465963685,,,,,0.0008383977256,0.0556730737,,,13.01041322
,,,,0.6892464245,1.164307058,,,,,0.00160327894,0.04493880235,,,24.79327517
,,,,0.4645828427,0.6804200604,,,,,0.0007638231438,0.05588354408,,,11.38780778
,,,,0.7646665312,1.349381435,,,,,0.0009733429009,0.09492702699,,,29.99120028
,,,,0.8931762571,1.690940083,,,,,0.002272746592,0.09065699841,,,41.08929272
,,,,0.2854933757,0.3669998433,,,,,0.0008504158081,0.03455404207,,,4.424991564
,,,,0.1689316069,0.1974694947,,,,,0.0008311075122,0.01579703751,,,1.638033256
,,,,0.6713821997,1.122136258,,,,,0.0004611327199,0.07863114253,,,23.45077715
,,,,0.4797345646,0.709879817,,,,,0.0003021074809,0.04935374361,,,12.16350153
,,,,0.9349788218,1.809164219,,,,,0.0027451527,0.110230473,,,45.03547036
,,,,0.4831916432,0.7166658073,,,,,0.001314391069,0.05039652571,,,12.33179799
,,,,0.2055978347,0.2478683044,,,,,0.0006279558559,0.02296802933,,,2.337312255
,,,,0.3511941153,0.4745314219,,,,,0.0007239514439,0.03116276619,,,6.518825292
,,,,0.1740758661,0.2043782732,,,,,0.0005861385258,0.01888963813,,,1.692270523
,,,,0.5734067267,0.902202001,,,,,0.001088160747,0.05104129359,,,17.03819013
,,,,0.05525445462,0.05830750938,,,,,0.0002062305713,0.007716611929,,,0.2072610757
,,,,0.1046030214,0.1155448134,,,,,0.0007608833904,0.01247595207,,,0.639030848
,,,,0.8903962648,1.683201773,,,,,0.001428512476,0.09397169797,,,41.27148563
,,,,0.7842504332,1.399299175,,,,,0.003178399511,0.07442557045,,,31.7304269
,,,,0.44404096,0.6412133342,,,,,0.0008595060519,0.06881045186,,,10.43304909
,,,,0.5634787188,0.8809869854,,,,,0.0005365963499,0.04870500932,,,16.56599642
,,,,0.96501893,1.896280465,,,,,0.002726476526,0.1109647678,,,48.3153111
,,,,0.03200403503,0.03302829329,,,,,0.0001141763221,0.005431232149,,,0.08531220921
,,,,0.267414047,0.3389243195,,,,,0.0006084909734,0.02441403651,,,3.96610107
,,,,0.9600426565,1.881724559,,,,,0.003044289152,0.1117083778,,,47.53541767
,,,,0.861229827,1.602946642,,,,,0.001408108707,0.07116296186,,,38.19013032
,,,,0.1172560699,0.1310050559,,,,,0.0005087181457,0.01450327744,,,0.8050909469
,,,,0.4115016804,0.5808353133,,,,,0.0006489133128,0.0300264679,,,8.947044606
,,,,0.9340597419,1.806527343,,,,,0.002092742253,0.1188190274,,,44.6972473
,,,,0.1677669894,0.1959127522,,,,,0.0006499466025,0.02090812692,,,1.556965647
,,,,0.4201799809,0.5967311972,,,,,0.0009030942035,0.03125612369,,,9.166975824
,,,,0.5179527767,0.7862278556,,,,,0.0003996866322,0.06375715624,,,14.08537982
,,,,0.1909363893,0.227393094,,,,,0.0004163405581,0.02321456192,,,1.993953213
,,,,0.3909381226,0.5437707383,,,,,0.0008892387399,0.04166645335,,,8.117685435
,,,,0.7935613846,1.423301056,,,,,0.0007015704058,0.03448141579,,,32.74554046
,,,,0.3549609948,0.4809583027,,,,,0.0005641460608,0.03725247747,,,6.865722532
,,,,0.9891300582,1.96750833,,,,,0.004396502794,0.1007428936,,,50.54861626
,,,,0.5353068956,0.8218603681,,,,,0.0009546894525,0.05946481766,,,15.14787464
,,,,0.5977842021,0.9551301545,,,,,0.000978539837,0.05133028958,,,18.72292192
,,,,0.02069457999,0.02112284563,,,,,0.0003493963872,0.004303686066,,,0.04129394559
,,,,0.6742336641,1.128824698,,,,,0.0008079669621,0.03794794663,,,23.59316349
,,,,0.8035210673,1.449167173,,,,,0.001225300148,0.09663071452,,,33.66071693
,,,,0.5290572155,0.8089587527,,,,,0.0009062502371,0.02437806124,,,14.86031861
,,,,0.05824969098,0.06164271748,,,,,0.0002320175579,0.009079404475,,,0.2252794885
,,,,0.02436848644,0.02496230957,,,,,0.0001791005916,0.005155993504,,,0.05564614095
,,,,0.1525371992,0.1758047963,,,,,0.001108705033,0.02409945979,,,1.300746824
,,,,0.8587308441,1.596149507,,,,,0.001958265808,0.08385011833,,,38.33541059
,,,,0.6457066094,1.062643635,,,,,0.001366332573,0.04889956312,,,21.57566998
,,,,0.5232854141,0.7971130387,,,,,0.0006225423651,0.04860793171,,,14.2110088
,,,,0.2575571054,0.3238927679,,,,,0.001229257897,0.0285078874,,,3.646865296
,,,,0.5107335381,0.771582285,,,,,0.0004045546325,0.05878330512,,,13.56007954
,,,,0.7492486516,1.310622193,,,,,0.001539601934,0.1117076051,,,29.0678047
,,,,0.5499493046,0.8523935422,,,,,0.0001076654131,0.04374851002,,,15.78137644
,,,,0.0365840805,0.03792247545,,,,,0.000315576901,0.005577322744,,,0.1082669156
,,,,0.3767931047,0.5187661485,,,,,0.0008671824133,0.04802254845,,,7.608350126
,,,,0.5616540803,0.8771093863,,,,,0.001233147095,0.07465993692,,,16.46425973
,,,,0.8251160372,1.505932512,,,,,0.001623296873,0.02472472207,,,34.99864886
,,,,0.3412967756,0.4577802646,,,,,0.0001835364211,0.02469702714,,,6.156969356
,,,,0.7131266491,1.221676267,,,,,0.000596846534,0.04249758596,,,26.57278795
,,,,0.3435304947,0.4615436954,,,,,0.001168676957,0.027567777,,,6.245739835
,,,,0.9506224185,1.854305401,,,,,0.002437030152,0.0848189998,,,46.17456961
,,,,0.09352934728,0.1022770861,,,,,0.000297828776,0.01097196245,,,0.521016488
,,,,0.8109976045,1.468714719,,,,,0.002071807661,0.07496505839,,,34.25034878
,,,,0.9384934071,1.819263282,,,,,0.002336799122,0.1339944622,,,45.84849895
,,,,0.6241214759,1.013649092,,,,,0.0003952233352,0.0477279035,,,20.33744507
,,,,0.04170217617,0.04344124767,,,,,0.0002674570545,0.004634948383,,,0.1297958725
,,,,0.956274353,1.870734991,,,,,0.001869402095,0.08548841072,,,47.13938359
,,,,0.2744450509,0.3497651368,,,,,0.0009310839087,0.02412688686,,,4.05023864
,,,,0.4326238229,0.6197871951,,,,,0.0007580572237,0.06124408378,,,9.799713597
,,,,0.2192985394,0.2673903888,,,,,0.001019823154,0.01894423645,,,2.638975063
,,,,0.05412509479,0.05705462068,,,,,0.0003105280007,0.007340195754,,,0.1984954763
,,,,0.105353884,0.1164533249,,,,,0.0001984893929,0.01013843711,,,0.6639612378
,,,,0.2656550219,0.3362276126,,,,,0.000473036335,0.03186137376,,,3.84034119
,,,,0.02549480782,0.02614479305,,,,,0.0003073148649,0.004729467518,,,0.05825064852
,,,,0.4268363268,0.6090255767,,,,,0.0006936176448,0.04591753966,,,9.710345863
,,,,0.4537230842,0.6595877213,,,,,0.0003375584613,0.04572335762,,,10.90823595
,,,,0.6864384696,1.157636242,,,,,0.001560855826,0.0586731609,,,24.46517411
,,,,0.6711190437,1.121519815,,,,,0.0006721950408,0.1097093473,,,23.40353341
,,,,0.0004891735083,0.000489412799,,,,,1.96E-06,0.002446639913,,,0.0004132244669
,,,,0.1564614411,0.1809416236,,,,,0.0006825250631,0.01412290396,,,1.38930396
,,,,0.671263599,1.121858418,,,,,0.001028743831,0.09368336199,,,23.33764575
,,,,0.8497644231,1.571863998,,,,,0.0004278585272,0.0903894628,,,37.03320504
,,,,0.1250144193,0.1406430243,,,,,0.000109992075,0.006227673595,,,0.9180940051
,,,,0.8384484648,1.541444293,,,,,0.001378566157,0.08846778417,,,36.11382198
,,,,0.07580977324,0.08155689496,,,,,0.0007070786108,0.01375744329,,,0.3556037366
,,,,0.9783461867,1.935507448,,,,,0.004355291676,0.0790710754,,,49.35477241
,,,,0.5358248733,0.8229331681,,,,,0.0006158496771,0.05401278737,,,14.81319942
,,,,0.9897891013,1.969471566,,,,,0.005195404104,0.1624397784,,,50.31189851
,,,,0.1208999853,0.1355167918,,,,,0.00034813293,0.01083729617,,,0.8703289932
,,,,0.5963419599,0.951965693,,,,,0.001395894037,0.08887455815,,,18.60051793
,,,,0.3091241389,0.4046818721,,,,,0.00092025544,0.03520593689,,,5.12696926
,,,,0.3042342214,0.3967926829,,,,,0.000677780535,0.03328850664,,,5.024360447
,,,,0.51925509,0.7888809384,,,,,0.0002954384193,0.03665430586,,,14.27352058
,,,,0.1813340002,0.2142160199,,,,,0.0004913509112,0.020745768,,,1.833339223
,,,,0.8787896572,1.651060919,,,,,0.0006766280592,0.09162690042,,,39.73480774
,,,,0.3978916767,0.5562094631,,,,,0.0006740429082,0.01355760596,,,8.31705263
,,,,0.6586043762,1.092364101,,,,,0.0004918737563,0.06416670475,,,22.85372463
,,,,0.4500739733,0.6526405547,,,,,0.0004152718141,0.07227385918,,,10.65593257
,,,,0.7147537284,1.225626621,,,,,0.001767849754,0.09633257448,,,26.53715934
,,,,0.8332387349,1.527525524,,,,,0.001109556426,0.07667464711,,,36.10913637
,,,,0.5026127052,0.7552322367,,,,,0.000429327581,0.04540273135,,,13.36264718
,,,,0.09844159186,0.1081323389,,,,,0.000790678343,0.008446081201,,,0.6055777899
,,,,0.8029822128,1.447762647,,,,,0.001585082152,0.06382684477,,,33.43137818
,,,,0.9228092294,1.774386103,,,,,0.002937384713,0.1073121101,,,44.15408175
,,,,0.8142835,1.477341118,,,,,0.001649467997,0.04418241763,,,34.34762413
,,,,0.6451635636,1.061399587,,,,,0.0005863993353,0.0592115647,,,21.46540206
,,,,0.06597885468,0.07033206395,,,,,0.0002185525018,0.005380067376,,,0.2842311573
,,,,0.5602392807,0.8741073323,,,,,0.00117853215,0.07628034411,,,16.44117693
,,,,0.5304756914,0.8118801506,,,,,0.0007958323108,0.04131382279,,,14.5534781
,,,,0.8589354656,1.5967056,,,,,0.001372908556,0.09424562912,,,37.98984357
,,,,0.3306458965,0.4399726054,,,,,0.0005016772358,0.04112860691,,,5.805678849
,,,,0.09744079357,0.1069355018,,,,,0.0004875855684,0.0127776106,,,0.5841462041
,,,,0.8595358761,1.598337798,,,,,0.001950584392,0.0772683594,,,38.54027751
,,,,0.5576214097,0.8685630462,,,,,0.000612665832,0.06660394329,,,16.17256734
,,,,0.4357843257,0.6256923042,,,,,0.0007266699081,0.05265671532,,,9.888956176
,,,,0.6004636757,0.9610203015,,,,,0.0004886022546,0.07209600343,,,18.79998142
,,,,0.8942613232,1.693964637,,,,,0.002573569483,0.1157894551,,,41.34461034
,,,,0.6799831635,1.142360266,,,,,0.001886850355,0.08837949356,,,24.40900762
,,,,0.9426327061,1.831189125,,,,,0.002114064045,0.1079024902,,,45.77493947
,,,,0.8148037315,1.478708852,,,,,0.002160191882,0.0881852803,,,34.49018263
,,,,0.07341568534,0.0788055482,,,,,0.0003152698592,0.008528913776,,,0.33992258
,,,,0.9814233055,1.94461501,,,,,0.00274786172,0.09967732652,,,49.78096408
,,,,0.8400906068,1.545842835,,,,,0.001706066951,0.1181479191,,,36.69166022
,,,,0.8262496525,1.508938141,,,,,0.001867548792,0.1047551011,,,35.00672273
,,,,0.6514741061,1.075892617,,,,,0.002236408843,0.1088598572,,,21.96004574
,,,,0.09904336954,0.1088529586,,,,,0.0003020086243,0.008382613055,,,0.5986440237
,,,,0.2803141162,0.35889012,,,,,0.0002744942968,0.0322421138,,,4.273806224
,,,,0.03504903954,0.03627747471,,,,,0.0005590812049,0.004185709328,,,0.09798054183
,,,,0.1560738528,0.1804329003,,,,,0.0005600275951,0.02055722086,,,1.36197116
,,,,0.03793867971,0.03937802313,,,,,0.0003767578181,0.009572651504,,,0.1106313198
,,,,0.2648950107,0.3350643773,,,,,0.001041436624,0.03826306522,,,3.781928474
,,,,0.7065211511,1.205693288,,,,,0.0005895633328,0.09428539121,,,25.72665817
,,,,0.3602563907,0.4900410577,,,,,0.0005775334863,0.03018379276,,,6.783732198
,,,,0.8514484253,1.576412846,,,,,0.0004992885037,0.09235199094,,,37.65623514
,,,,0.4042000042,0.5675776476,,,,,0.001462130808,0.02793638116,,,8.654224499
,,,,0.891543498,1.686393307,,,,,0.001047734031,0.1077983966,,,40.6937746
,,,,0.04196390531,0.04372487466,,,,,0.0002445833476,0.004929258453,,,0.1317042858
,,,,0.254647726,0.3194931903,,,,,0.0007588336723,0.03238342176,,,3.519106637
,,,,0.2076832726,0.2508156142,,,,,0.000587857468,0.0256442633,,,2.390648521
,,,,0.2795447998,0.3576900949,,,,,0.001203517235,0.02851563349,,,4.275035225
,,,,0.316729235,0.4170466434,,,,,0.0007097136629,0.03416838305,,,5.370913193
,,,,0.2121317406,0.257131616,,,,,0.0006314799871,0.03850013037,,,2.563297675
,,,,0.7653876842,1.351205991,,,,,0.0005110740601,0.07462799027,,,30.36194502
,,,,0.9489858371,1.849559956,,,,,0.001397720328,0.06552855228,,,46.35434172
,,,,0.07101097452,0.07605353302,,,,,0.000176827033,0.007743531309,,,0.3240631989
,,,,0.1721576572,0.2017959162,,,,,0.0002270040148,0.0162251029,,,1.682141501
,,,,0.348369231,0.4697303521,,,,,0.001150074385,0.05366640404,,,6.46785177
,,,,0.8337723636,1.528948718,,,,,0.001329702593,0.1160516386,,,35.60576563
,,,,0.6583578486,1.091792905,,,,,0.001195190898,0.06784295178,,,22.62009569
,,,,0.7513109294,1.315779042,,,,,0.001139617682,0.07287457606,,,29.39750063
,,,,0.3930179268,0.5474810175,,,,,0.0005617219801,0.03175343603,,,8.138997677
,,,,0.9647871699,1.895601453,,,,,0.001125061977,0.09212195444,,,48.30088313
,,,,0.1494153497,0.1717402965,,,,,0.0004081442028,0.009335016285,,,1.281497455
,,,,0.556896235,0.8670296516,,,,,0.001466751554,0.04695424153,,,16.29658534
,,,,0.5564020814,0.8659853577,,,,,0.001106020723,0.04835085075,,,16.24353947
,,,,0.2077576531,0.2509208955,,,,,0.000631261515,0.03197740959,,,2.35309044
,,,,0.5625939816,0.8791059697,,,,,0.001056798268,0.05858448694,,,16.47430142
,,,,0.7980753165,1.434999527,,,,,0.00109044549,0.1046343545,,,32.81105936
,,,,0.1401964523,0.1598514975,,,,,0.0001732821877,0.02181130671,,,1.146603713
,,,,0.578338946,0.9128148825,,,,,0.0009976480625,0.07644540863,,,17.40372399
,,,,0.9837418975,1.951490018,,,,,0.001981701549,0.07434209217,,,49.91476087
,,,,0.2127363183,0.2579930594,,,,,0.00117098235,0.02693148105,,,2.484408255
,,,,0.5883266776,0.9344549572,,,,,0.001809485422,0.07182646547,,,17.96189717
,,,,0.5786502761,0.9134864181,,,,,0.0008437321694,0.06441145415,,,17.4024854
,,,,0.03457233894,0.03576758556,,,,,0.0001376589301,0.006493378314,,,0.09206114017
,,,,0.4139575638,0.5853184285,,,,,0.0002779248078,0.05562755092,,,8.989352531
,,,,0.08545555931,0.09275821193,,,,,0.0007988810052,0.006706959975,,,0.4534904554
,,,,0.5762714728,0.9083602832,,,,,0.001207931212,0.03040987794,,,17.50170487